ID,城市,活动,开始日期,开始时间,结束日期,结束时间,主办方,主题,形式,区域,报名状态,官方链接
d32dbeb0-dd87-57b4-861d-6fd130c346d4,sf,Demo: Ai Video,2026-10-05,10:00,2026-10-05,11:00,Example Community,AI,Workshop,Demo district,open,https://www.tech-week.com/calendar/sf
4bc20631-df59-5f12-8e1c-8d8636c8ff35,la,Demo: Ai Companions,2026-10-13,10:00,2026-10-13,11:00,Example Community,AI,Workshop,Demo district,open,https://www.tech-week.com/calendar/la
4e64005d-6692-5a79-bf7a-c79b0c38ae64,sf,Demo: Ai Content & Ads,2026-10-07,10:00,2026-10-07,11:00,Example Community,AI,Workshop,Demo district,open,https://www.tech-week.com/calendar/sf
0e6bc1e7-4065-50cb-89fc-7b53cc7e11d4,la,Demo: Personal Ai Agents,2026-10-15,10:00,2026-10-15,11:00,Example Community,AI,Workshop,Demo district,open,https://www.tech-week.com/calendar/la
6cbfa51d-2168-5d70-97ed-f6d4d73a8596,sf,Demo: Agent Harness,2026-10-09,10:00,2026-10-09,11:00,Example Community,AI,Workshop,Demo district,open,https://www.tech-week.com/calendar/sf
6416d977-fd41-5f76-9dfc-ddb4d3161919,la,Demo: Voice Agents,2026-10-17,10:00,2026-10-17,11:00,Example Community,AI,Workshop,Demo district,open,https://www.tech-week.com/calendar/la
f687009e-7d21-5841-b37d-bfbe299212fb,sf,Demo: World Models,2026-10-11,10:00,2026-10-11,11:00,Example Community,AI,Workshop,Demo district,open,https://www.tech-week.com/calendar/sf
4509c715-3630-5934-a2ab-2b84dada9f25,la,Demo: Vibe Coding & App Building,2026-10-12,10:00,2026-10-12,11:00,Example Community,AI,Workshop,Demo district,open,https://www.tech-week.com/calendar/la
70cae9c9-1b14-5252-b89f-eb2f1f147148,sf,Demo: Multi-Agent,2026-10-06,10:00,2026-10-06,11:00,Example Community,AI,Workshop,Demo district,open,https://www.tech-week.com/calendar/sf
c0188031-df0b-5c7d-a4a0-4397c380d69f,la,"Demo: Memory, Context & Knowledge",2026-10-14,10:00,2026-10-14,11:00,Example Community,AI,Workshop,Demo district,open,https://www.tech-week.com/calendar/la
524d2f12-2c14-558d-b379-d59454471384,sf,Demo: Evals & Observability,2026-10-08,10:00,2026-10-08,11:00,Example Community,AI,Workshop,Demo district,open,https://www.tech-week.com/calendar/sf
b75296b7-b399-5ed4-882e-5f3cb18ae492,la,Demo: Mcp & Tool Use,2026-10-16,10:00,2026-10-16,11:00,Example Community,AI,Workshop,Demo district,open,https://www.tech-week.com/calendar/la
886416f6-de7c-54f3-a0d4-69b7a82c6162,sf,Demo: Inference & Compute,2026-10-10,10:00,2026-10-10,11:00,Example Community,AI,Workshop,Demo district,open,https://www.tech-week.com/calendar/sf
bc40b48c-bf58-593d-aa58-24cbc1d36aaf,la,Demo: Open Models & Self-Hosting,2026-10-18,10:00,2026-10-18,11:00,Example Community,AI,Workshop,Demo district,open,https://www.tech-week.com/calendar/la
b06f8bcd-7c15-5b6f-8a59-7b4b4ef76621,sf,Demo: Ai Design,2026-10-05,10:00,2026-10-05,11:00,Example Community,AI,Workshop,Demo district,open,https://www.tech-week.com/calendar/sf
158d1882-1ff2-596b-b060-b8d5265c2cc4,la,Demo: Ai Music & Audio,2026-10-13,10:00,2026-10-13,11:00,Example Community,AI,Workshop,Demo district,open,https://www.tech-week.com/calendar/la
ebf75ab8-e215-5650-8eaa-5176872bc9ec,sf,Demo: Robotics & Physical Ai,2026-10-07,10:00,2026-10-07,11:00,Example Community,AI,Workshop,Demo district,open,https://www.tech-week.com/calendar/sf
09131ea5-a2b5-5829-8f0f-57a1a06a5061,la,Demo: Ai Healthcare & Clinical,2026-10-15,10:00,2026-10-15,11:00,Example Community,AI,Workshop,Demo district,open,https://www.tech-week.com/calendar/la
e467dea9-66c4-5966-9a9c-137784689a53,sf,Demo: Ai Security,2026-10-09,10:00,2026-10-09,11:00,Example Community,AI,Workshop,Demo district,open,https://www.tech-week.com/calendar/sf
af066ca0-6156-512e-b473-5669f3238f39,la,Demo: Agentic Commerce,2026-10-17,10:00,2026-10-17,11:00,Example Community,AI,Workshop,Demo district,open,https://www.tech-week.com/calendar/la
85fbef43-ff38-5b74-bab3-dff294dabe70,sf,Demo: Creator Economy,2026-10-11,10:00,2026-10-11,11:00,Example Community,AI,Workshop,Demo district,open,https://www.tech-week.com/calendar/sf
666ee0b9-da3b-5f71-ac2b-1b34ed94b518,la,Demo: Ai Games & Xr,2026-10-12,10:00,2026-10-12,11:00,Example Community,AI,Workshop,Demo district,open,https://www.tech-week.com/calendar/la
97c65e10-9345-5e38-8673-8b8cf49d3643,sf,Demo: Ai Sales,2026-10-06,10:00,2026-10-06,11:00,Example Community,AI,Workshop,Demo district,open,https://www.tech-week.com/calendar/sf
329d253f-ed71-58ae-881e-55fd48c41d2a,la,Demo: Ai Customer Support,2026-10-14,10:00,2026-10-14,11:00,Example Community,AI,Workshop,Demo district,open,https://www.tech-week.com/calendar/la
667e1d04-c086-503a-b8df-cf60875736ff,sf,Demo: Ai Finance & Accounting,2026-10-08,10:00,2026-10-08,11:00,Example Community,AI,Workshop,Demo district,open,https://www.tech-week.com/calendar/sf
3e802da2-11b6-5aff-92d5-23aa05a08837,la,Demo: Ai Legal & Contracts,2026-10-16,10:00,2026-10-16,11:00,Example Community,AI,Workshop,Demo district,open,https://www.tech-week.com/calendar/la
344a8bf1-9e6e-5867-bffa-13d6ec0bb610,sf,Demo: Geo / Aeo,2026-10-10,10:00,2026-10-10,11:00,Example Community,AI,Workshop,Demo district,open,https://www.tech-week.com/calendar/sf
0fcc17eb-7591-5916-a939-ed7320d696d5,la,Demo: Coding Agents & Engineering,2026-10-18,10:00,2026-10-18,11:00,Example Community,AI,Workshop,Demo district,open,https://www.tech-week.com/calendar/la
eb624f04-12c4-50ad-9c0f-fe6e2eeb565d,sf,Demo: Ai Biology & Drug Discovery,2026-10-05,10:00,2026-10-05,11:00,Example Community,AI,Workshop,Demo district,open,https://www.tech-week.com/calendar/sf
59b9ce11-7b5e-573e-95f9-050a94a238a3,la,Demo: Post-Training & Fine-Tuning,2026-10-13,10:00,2026-10-13,11:00,Example Community,AI,Workshop,Demo district,open,https://www.tech-week.com/calendar/la
